{
  "means": {
    "-1": {
      "0": 3.3823529411764706,
      "1": 0.5441176470588235,
      "2": 0.5441176470588235,
      "3": 0.029411764705882353,
      "4": 3.0294117647058822,
      "5": 3.3676470588235294,
      "6": 0.10294117647058823,
      "7": 0.11764705882352941,
      "8": 0.27941176470588236,
      "9": 0.16176470588235295,
      "10": 0.19117647058823528,
      "11": 0.1323529411764706,
      "12": 1.588235294117647,
      "13": 1.4411764705882353,
      "14": 0.04411764705882353,
      "15": 0.14705882352941177
    },
    "0": {
      "0": 3.625,
      "1": 0.5284090909090909,
      "2": 0.44886363636363635,
      "3": 0.0,
      "4": 3.5681818181818183,
      "5": 3.5625,
      "6": 0.17613636363636365,
      "7": 0.1590909090909091,
      "8": 0.1534090909090909,
      "9": 0.18181818181818182,
      "10": 0.13068181818181818,
      "11": 0.16477272727272727,
      "12": 1.4602272727272727,
      "13": 1.5397727272727273,
      "14": 0.16477272727272727,
      "15": 0.125
    },
    "1": {
      "0": 3.4,
      "1": 0.44285714285714284,
      "2": 0.5428571428571428,
      "3": -0.014285714285714285,
      "4": 3.642857142857143,
      "5": 3.4857142857142858,
      "6": 0.18571428571428572,
      "7": 0.2,
      "8": 0.12857142857142856,
      "9": 0.15,
      "10": 0.2,
      "11": 0.07142857142857142,
      "12": 1.5071428571428571,
      "13": 1.4785714285714286,
      "14": 0.11428571428571428,
      "15": 0.11428571428571428
    }
  },
  "variances": {
    "-1": {
      "0": 2.7949826989619364,
      "1": 0.24805363321799306,
      "2": 0.24805363321799306,
      "3": 1.7344290657439447,
      "4": 4.852076124567475,
      "5": 4.791306228373703,
      "6": 0.09234429065743945,
      "7": 0.10380622837370242,
      "8": 0.20134083044982698,
      "9": 0.1355968858131488,
      "10": 0.1546280276816609,
      "11": 0.1148356401384083,
      "12": 0.6539792387543253,
      "13": 0.7759515570934257,
      "14": 0.04217128027681661,
      "15": 0.1254325259515571
    },
    "0": {
      "0": 2.779829545454545,
      "1": 0.24919292355371903,
      "2": 0.24738507231404958,
      "3": 1.3977272727272727,
      "4": 4.81353305785124,
      "5": 5.348366477272727,
      "6": 0.1451123450413223,
      "7": 0.1337809917355372,
      "8": 0.1298747417355372,
      "9": 0.1487603305785124,
      "10": 0.1136040805785124,
      "11": 0.1376226756198347,
      "12": 0.6688726756198351,
      "13": 0.7143272210743805,
      "14": 0.1376226756198347,
      "15": 0.109375
    },
    "1": {
      "0": 3.111428571428572,
      "1": 0.246734693877551,
      "2": 0.24816326530612243,
      "3": 1.5140816326530613,
      "4": 5.858163265306125,
      "5": 5.335510204081631,
      "6": 0.15122448979591838,
      "7": 0.16,
      "8": 0.1120408163265306,
      "9": 0.1275,
      "10": 0.16,
      "11": 0.06632653061224489,
      "12": 0.8928061224489796,
      "13": 0.7781122448979589,
      "14": 0.10122448979591836,
      "15": 0.10122448979591836
    }
  },
  "priors": {
    "-1": 0.17708333333333334,
    "0": 0.4583333333333333,
    "1": 0.3645833333333333
  },
  "classes": [
    -1,
    0,
    1
  ],
  "feature_names": [
    "position",
    "is_yang",
    "positional_harmony",
    "hexagram_balance",
    "upper_trigram",
    "lower_trigram",
    "is_center_lower",
    "is_center_upper",
    "is_extreme_lower",
    "is_top",
    "is_bottom",
    "same_trigram",
    "upper_yang_count",
    "lower_yang_count",
    "is_kan_upper",
    "is_kan_lower"
  ],
  "feature_importance": [
    [
      "is_extreme_lower",
      0.12763923291417997
    ],
    [
      "same_trigram",
      0.08851268986067971
    ],
    [
      "upper_trigram",
      0.0830420911413621
    ],
    [
      "is_yang",
      0.08050025680288173
    ],
    [
      "is_center_upper",
      0.07854722025487995
    ],
    [
      "is_center_lower",
      0.06872881772301992
    ],
    [
      "is_kan_upper",
      0.04425634493033986
    ],
    [
      "is_kan_lower",
      0.03319225869775489
    ],
    [
      "is_bottom",
      0.02945520759557996
    ],
    [
      "positional_harmony",
      0.021954615491695015
    ],
    [
      "upper_yang_count",
      0.021125838606808077
    ],
    [
      "is_top",
      0.01963680506371997
    ],
    [
      "position",
      0.0128553065159413
    ],
    [
      "hexagram_balance",
      0.011950578989701243
    ],
    [
      "lower_trigram",
      0.011178743038260285
    ],
    [
      "lower_yang_count",
      0.0042251677213616156
    ]
  ],
  "cross_validation": {
    "accuracies": [
      0.3026315789473684,
      0.3684210526315789,
      0.4342105263157895,
      0.4605263157894737,
      0.3625
    ],
    "mean_accuracy": 0.3856578947368421,
    "std_accuracy": 0.05601679111147472
  }
}